Date,Year,Month,Recession,Consumer_Confidence,Seasonality_Weight,Price,Advertising_Expenditure,Competition,GDP,Growth_Rate,unemployment_rate,Automobile_Sales,Vehicle_Type,City
1/31/1980,1980,Jan,1,108.24,0.5,27483.571,1558,7,60.223,0.01,5.4,456,Supperminicar,Georgia
2/29/1980,1980,Feb,1,98.75,0.75,24308.678,3048,4,45.986,-0.309594224,4.8,555.9,Supperminicar,New York
3/31/1980,1980,Mar,1,107.48,0.2,28238.443,3137,3,35.141,-0.30861387,3.4,620,Mediumfamilycar,New York
4/30/1980,1980,Apr,1,115.01,1,32615.149,1653,7,45.673,0.230595757,4.2,702.8,Supperminicar,Illinois
5/31/1980,1980,May,1,98.72,0.2,23829.233,1319,4,52.997,0.138196502,5.3,770.4,Smallfamiliycar,California
6/30/1980,1980,Jun,1,105.55,0.75,23829.315,2573,5,20.298,-1.610946891,2.9,754.5,Mediumfamilycar,Illinois
7/31/1980,1980,Jul,1,82.45,0.5,32896.064,2828,3,34.585,0.413098164,2.9,729.6,Supperminicar,Illinois
8/31/1980,1980,Aug,1,98.76,0.25,28837.174,2917,3,55.65,0.378526505,3,734.9,Supperminicar,New York
9/30/1980,1980,Sep,1,87.68,0.07,22652.628,1138,3,33.308,-0.670769785,5.2,705.6,Smallfamiliycar,California
10/31/1980,1980,Oct,1,101.45,0,27712.8,4582,5,42.522,0.216687832,4.4,609.7,Smallfamiliycar,New York
11/30/1980,1980,Nov,1,102.36,0.07,22682.912,4939,5,43.301,0.017990347,2.6,763,Mediumfamilycar,California
12/31/1980,1980,Dec,1,102.33,0.25,22671.351,3892,6,23.539,-0.839542886,3.3,745,Mediumfamilycar,New York
1/31/1981,1981,Jan,1,95.2,0.5,26209.811,3026,8,32.25,0.270108527,5.9,325,Supperminicar,Illinois
2/28/1981,1981,Feb,1,122.98,0.75,15433.599,3306,9,30.891,-0.043993396,5.8,574.3,Mediumfamilycar,California
3/31/1981,1981,Mar,1,87.32,0.2,16375.411,4744,4,15.784,-0.957108464,4.4,654,Smallfamiliycar,Georgia
4/30/1981,1981,Apr,1,86.71,1,22188.562,1901,6,15.685,-0.006311763,2.8,657.1,Supperminicar,California
5/31/1981,1981,May,1,116.55,0.2,19935.844,1689,4,55.253,0.716124011,4.1,752.9,Mediumfamilycar,California
6/30/1981,1981,Jun,1,92.96,0.75,26571.237,3039,9,27.88,-0.981814921,4.3,677.6,Smallfamiliycar,California
7/31/1981,1981,Jul,1,90.55,0.5,20459.88,1009,8,39.886,0.301007872,5.6,638.2,Smallfamiliycar,New York
8/31/1981,1981,Aug,1,123.03,0.25,17938.481,1260,5,29.138,-0.368865399,3.7,779.5,Supperminicar,New York
9/30/1981,1981,Sep,1,109.86,0.07,32328.244,2942,8,60.593,0.51911937,3.1,574.2,Smallfamiliycar,Illinois
10/31/1981,1981,Oct,1,94.06,0,23871.118,2673,5,27.206,-1.227192531,4.7,648.1,Smallfamiliycar,Illinois
11/30/1981,1981,Nov,1,102.18,0.07,25337.641,3219,9,35.553,0.23477625,3.3,558,Mediumfamilycar,Georgia
12/31/1981,1981,Dec,1,119.46,0.25,17876.259,3945,8,57.264,0.379138726,2.6,762,Supperminicar,California
1/31/1982,1982,Jan,1,106.92,0.5,22278.086,3060,6,55.755,-0.027064837,5.3,466,Smallfamiliycar,New York
2/28/1982,1982,Feb,1,112.86,0.75,25554.613,2191,7,23.619,-1.360599517,4.2,614.4,Smallfamiliycar,Illinois
3/31/1982,1982,Mar,1,108.05,0.2,19245.032,4713,6,53.83,0.561229798,5,751.4,Mediumfamilycar,New York
4/30/1982,1982,Apr,1,109.3,1,26878.49,2619,4,36.951,-0.456794133,3.2,617.3,Mediumfamilycar,California
5/31/1982,1982,May,1,100.4,0.2,21996.807,1320,6,38.165,0.031809249,4,763.9,Mediumfamilycar,Illinois
6/30/1982,1982,Jun,1,100.11,0.75,23541.531,2342,9,21.041,-0.813839646,3.8,726.7,Mediumfamilycar,New York
7/31/1982,1982,Jul,1,102.67,0.5,21991.467,2636,3,18.449,-0.14049542,3.2,738.8,Mediumfamilycar,Illinois
8/31/1982,1982,Aug,1,107.34,0.25,34261.391,3376,4,50.169,0.632262951,4.6,552.3,Smallfamiliycar,California
9/30/1982,1982,Sep,1,97.17,0.07,24932.514,3832,8,38.827,-0.292116311,2.8,776.2,Smallfamiliycar,Georgia
10/31/1982,1982,Oct,1,101.22,0,19711.445,3824,4,35.906,-0.081351306,4.1,720.2,Mediumfamilycar,New York
11/30/1982,1982,Nov,1,96.9,0.07,29112.725,2994,7,50.246,0.285395852,5.4,102,Sports,Georgia
12/31/1982,1982,Dec,1,101.16,0.25,18895.782,3958,5,52.01,0.033916555,3.6,744.6,Mediumfamilycar,Georgia
1/31/1983,1983,Jan,1,87.49,0.5,26044.318,2943,8,22.287,-1.333647418,3.2,589,Smallfamiliycar,Illinois
2/28/1990,1990,Feb,1,93.69,0.75,20453.063,1477,3,44.401,0.498051846,4.9,754.8,Supperminicar,Georgia
3/31/1990,1990,Mar,1,109.07,0.2,32013.972,2254,9,21.132,-1.101126254,3,574.7,Smallfamiliycar,California
4/30/1990,1990,Apr,1,100.36,1,17990.745,1922,5,51.317,0.588206637,2.8,714.8,Mediumfamilycar,New York
5/31/1990,1990,May,1,118.65,0.2,27934.285,1419,3,46.691,-0.09907691,5,676.1,Smallfamiliycar,California
6/30/1990,1990,Jun,1,108.2,0.75,35952.278,3204,5,61.374,0.239238114,2.6,570.9,Smallfamiliycar,New York
7/31/1990,1990,Jul,1,111.04,0.5,20047.318,3597,7,17.879,-2.432742323,5.5,605.3,Mediumfamilycar,New York
8/31/1990,1990,Aug,1,101.33,0.25,22168.511,4512,3,17.296,-0.033707216,5.3,550.9,Smallfamiliycar,Georgia
9/30/1990,1990,Sep,1,101.57,0.07,25498.257,2120,6,28.327,0.389416458,5.4,659.1,Mediumfamilycar,California
10/31/1990,1990,Oct,1,117.31,0,22482.622,4068,8,27.324,-0.036707656,2.9,619.4,Smallfamiliycar,California
11/30/1990,1990,Nov,1,96.22,0.07,17246.683,4044,8,26.602,-0.027140816,3.7,689.8,Smallfamiliycar,Illinois
12/31/1990,1990,Dec,1,105.47,0.25,25342.815,4482,5,58.906,0.548399144,5.5,723,Smallfamiliycar,California
1/31/1991,1991,Jan,1,97.34,0.5,19688.481,1950,9,26.728,-1.203906016,4.5,619.1,Mediumfamilycar,Illinois
2/28/1991,1991,Feb,1,97.31,0.75,27367.962,3336,6,27.826,0.039459498,3.8,724.1,Supperminicar,California
3/31/1991,1991,Mar,1,88.31,0.2,20402.879,2277,3,51.711,0.461893988,5.7,559.4,Supperminicar,New York
4/30/1991,1991,Apr,1,92.57,1,32749.672,3243,6,36.537,-0.415305033,2.9,564,Executivecar,New York
5/31/1991,1991,May,1,90.72,0.2,21083.734,3645,6,52.559,0.304838372,3.2,750,Supperminicar,New York
6/30/1991,1991,Jun,1,105.94,0.75,23389.692,2857,9,17.703,-1.968931819,4.2,706.3,Mediumfamilycar,Georgia
7/31/1991,1991,Jul,1,110.4,0.5,29067.586,4593,3,38.391,0.538876299,2.6,688.6,Mediumfamilycar,Illinois
8/31/1991,1991,Aug,1,99.05,0.25,18845.678,1516,7,16.147,-1.377593361,4.5,759.5,Smallfamiliycar,New York
9/30/1991,1991,Sep,1,102.3,0.07,26137.3,2658,9,17.57,0.080990324,2.6,591.9,Mediumfamilycar,California
10/31/1991,1991,Oct,1,98.48,0,31535.714,2865,6,58.915,0.701773742,3.7,566.7,Supperminicar,Illinois
11/30/1991,1991,Nov,1,91.89,0.07,16962.584,3912,6,21.323,-1.762978943,3.8,604.8,Mediumfamilycar,California
12/31/1991,1991,Dec,1,108.62,0.25,25923.169,2141,7,40.589,0.474660622,5.4,736.3,Smallfamiliycar,New York
1/31/1992,1992,Jan,1,106.53,0.5,26299.414,3853,6,34.644,-0.171602586,2.9,556.2,Mediumfamilycar,Illinois
2/29/1992,1992,Feb,1,81.07,0.75,28909.114,2932,6,31.52,-0.099111675,4.5,686.1,Supperminicar,Georgia
3/31/1992,1992,Mar,1,97.17,0.2,18815.246,4230,6,58.592,0.4620426,5.4,783.9,Mediumfamilycar,Georgia
4/30/2000,2000,Apr,1,119.77,1,29328.776,4208,9,15.569,-2.763375939,6,750.8,Supperminicar,Georgia
5/31/2000,2000,May,1,113.51,0.2,18998.518,1201,3,47.026,0.668927827,4,671.6,Smallfamiliycar,Georgia
6/30/2000,2000,Jun,1,104.64,0.75,23327.494,4507,6,61.706,0.237902311,4.2,563.1,Supperminicar,Illinois
7/31/2000,2000,Jul,1,94.2,0.5,22625.273,3360,9,41.948,-0.471011729,3.5,745,Supperminicar,New York
8/31/2000,2000,Aug,1,99.76,0.25,21733.354,1116,7,60.404,0.305542679,2.9,690,Mediumfamilycar,New York
9/30/2000,2000,Sep,1,97.78,0.07,33827.271,4737,5,17.061,-2.540472422,5.7,575.2,Smallfamiliycar,Georgia
10/31/2000,2000,Oct,1,87.85,0,27024.909,1936,7,35.021,0.512835156,3.4,570.2,Mediumfamilycar,Illinois
11/30/2000,2000,Nov,1,106.5,0.07,18695.58,4874,6,27.248,-0.285268644,5.3,195,Sports,Georgia
12/31/2000,2000,Dec,1,115.67,0.25,29589.31,1574,3,50.31,0.458397933,3,706.6,Mediumfamilycar,Georgia
1/31/2001,2001,Jan,1,97.02,0.5,35610.781,3291,9,62.584,0.196120414,3.1,744.5,Supperminicar,New York
2/28/2001,2001,Feb,1,121.64,0.75,30162.326,1536,7,27.07,-1.311932028,4.1,756.3,Smallfamiliycar,Georgia
3/31/2001,2001,Mar,1,84.42,0.2,17403.15,2625,7,46.555,0.418537214,3.5,683.5,Mediumfamilycar,Illinois
4/30/2001,2001,Apr,1,110.54,1,22578.83,3122,3,24.207,-0.923204032,4.9,670.6,Smallfamiliycar,California
5/31/2001,2001,May,1,116.72,0.2,31334.556,4877,9,42.201,0.426388,4.4,650,Supperminicar,Illinois
6/30/2001,2001,Jun,1,97.96,0.75,21461.653,1385,5,37.233,-0.133430022,3.1,623.1,Mediumfamilycar,Georgia
7/31/2001,2001,Jul,1,98.14,0.5,27219.097,4974,3,62.128,0.400704996,4.4,651,Mediumfamilycar,California
8/31/2001,2001,Aug,1,110.43,0.25,28873.17,4281,7,44.318,-0.401868315,4.7,731.4,Mediumfamilycar,California
9/30/2001,2001,Sep,1,105.06,0.07,20365.348,1474,5,31.626,-0.401315373,4.3,690.7,Supperminicar,Georgia
10/31/2001,2001,Oct,1,80.03,0,24702.373,1417,5,20.091,-0.574137674,3.1,759.5,Mediumfamilycar,California
11/30/2001,2001,Nov,1,91.57,0.07,8793.663,3394,3,21.911,0.083063302,4.8,653.1,Supperminicar,Georgia
12/31/2001,2001,Dec,1,99.86,0.25,19878.062,4600,7,25.541,0.142124427,5.4,691.9,Supperminicar,Georgia
1/31/2002,2002,Jan,1,86.3,0.5,23737.159,3687,6,26.797,0.046870918,3.5,697.6,Mediumfamilycar,Illinois
2/28/2002,2002,Feb,1,95.26,0.75,18761.084,1938,7,56.18,0.523015308,3.1,688.2,Supperminicar,New York
3/31/2002,2002,Mar,1,86.55,0.2,33162.057,1954,4,42,-0.337619048,5.6,714.5,Smallfamiliycar,New York
4/30/2002,2002,Apr,1,96.3,1,17849.293,1875,9,40.146,-0.046181438,5.2,604.3,Supperminicar,Georgia
4/30/2008,2008,Apr,1,91.05,1,22181.377,2920,7,20.124,-0.994931425,5.5,669.4,Mediumfamilycar,Illinois
5/31/2008,2008,May,1,91.19,0.2,20888.898,4335,6,56.647,0.644747295,4.8,572.7,Mediumfamilycar,California
6/30/2008,2008,Jun,1,116.16,0.75,26218.436,3972,5,49.918,-0.134801074,4.4,639.1,Mediumfamilycar,California
7/31/2008,2008,Jul,1,119.72,0.5,26224.833,1054,8,17.816,-1.801863493,3.4,663.6,Mediumfamilycar,California
8/31/2008,2008,Aug,1,97.87,0.25,22465.284,4942,3,49.184,0.63776838,3.7,702.6,Supperminicar,Georgia
9/30/2008,2008,Sep,1,100.68,0.07,22644.808,4714,7,41.133,-0.195730922,3.8,773.3,Smallfamiliycar,California
10/31/2008,2008,Oct,1,104,0,26160.25,1799,5,18.505,-1.222804647,4.8,690.4,Smallfamiliycar,Illinois
11/30/2008,2008,Nov,1,101.48,0.07,17759.578,1777,4,36.957,0.49928295,3.1,724.2,Supperminicar,Illinois
12/31/2008,2008,Dec,1,83.26,0.25,17962.681,2481,8,38.25,0.033803922,4.4,668,Smallfamiliycar,California
1/31/2009,2009,Jan,1,104.28,0.5,21407.779,2901,9,22.623,-0.690757194,2.6,698.3,Mediumfamilycar,New York
2/28/2009,2009,Feb,1,79.12,0.75,23932.764,3209,9,60.839,0.628149707,3.8,564.8,Supperminicar,Georgia
3/31/2009,2009,Mar,1,92.67,0.2,26554.538,4451,3,56.149,-0.083527757,5.6,608.3,Smallfamiliycar,Georgia
4/30/2009,2009,Apr,1,105.05,1,32376.781,3134,6,47.282,-0.187534368,3.6,633.8,Supperminicar,California
5/31/2009,2009,May,1,106,0.2,29288.298,1054,3,37.152,-0.272663652,4.9,660,Supperminicar,Georgia
6/30/2009,2009,Jun,1,91.9,0.75,24200.307,4547,9,34.677,-0.071372956,3.6,558.8,Mediumfamilycar,New York
7/31/2009,2009,Jul,1,95.42,0.5,24904.919,2823,4,46.398,0.252618647,5.8,581.2,Smallfamiliycar,Georgia
8/31/2009,2009,Aug,1,94.06,0.25,19987.353,2201,7,41.226,-0.12545481,5.4,613.6,Smallfamiliycar,New York
9/30/2009,2009,Sep,1,98.97,0.07,24907.434,4462,7,17.551,-1.348925987,3,778.3,Mediumfamilycar,Illinois
10/31/2009,2009,Oct,1,99.73,0,23556.707,4420,8,39.613,0.556938379,5.2,626.5,Supperminicar,New York
11/30/2009,2009,Nov,1,106.68,0.07,26613.593,4079,7,54.014,0.266616063,3.1,662.2,Smallfamiliycar,Georgia
12/31/2009,2009,Dec,1,94.83,0.25,20863.845,1832,8,37.003,-0.459719482,5,594.5,Smallfamiliycar,Illinois
9/30/2020,2020,Sep,1,111.62,0.07,33435.708,2622,8,17.046,-1.170773202,3.7,692.8,Mediumfamilycar,Illinois
10/31/2020,2020,Oct,1,84.48,0,29408.199,4700,4,53.028,0.678547183,3.6,214,Sports,California
11/30/2020,2020,Nov,1,112.39,0.07,24960.137,4945,8,24.367,-1.17622194,4.2,597.1,Mediumfamilycar,New York
12/31/2020,2020,Dec,1,97.85,0.25,32399.721,1341,4,27.172,0.103231267,4.9,670.4,Smallfamiliycar,New York
2/28/1983,1983,Feb,0,126.06,0.75,15201.649,4621,4,12.819,-1.119666121,2.4,3799.1,Sports,Georgia
3/31/1983,1983,Mar,0,92.67,1.5,18359.07,3038,8,12.945,0.009733488,1.5,3533.5,Smallfamiliycar,California
4/30/1983,1983,Apr,0,96.39,1,25984.306,4490,8,25.206,0.486431802,2,3240.4,Supperminicar,Illinois
5/31/1983,1983,May,0,91.81,1.5,28692.333,4677,8,14.63,-0.722898154,2.3,908.1,Smallfamiliycar,California
6/30/1983,1983,Jun,0,106.16,0.75,25856.841,2118,5,18.765,0.220357048,2.3,4769.8,Mediumfamilycar,Illinois
7/31/1983,1983,Jul,0,98.04,0.5,24421.759,4888,9,32.154,0.416402314,3,426.5,Mediumfamilycar,Georgia
8/31/1983,1983,Aug,0,90.36,0.25,23494.482,2604,6,59.05,0.455478408,2.4,4120.2,Executivecar,California
9/30/1983,1983,Sep,0,106.57,0.07,17607.39,3365,8,45.679,-0.292716566,1.7,4199.6,Sports,New York
10/31/1983,1983,Oct,0,107.92,0.12,21400.779,1235,3,42.235,-0.081543743,1.1,4686.4,Mediumfamilycar,Illinois
11/30/1983,1983,Nov,0,99.33,0.25,22696.806,2969,9,29.522,-0.430628006,1.3,2962.9,Mediumfamilycar,California
12/31/1983,1983,Dec,0,93.36,0.34,30285.611,1333,7,66.542,0.556340356,3,1436.7,Supperminicar,Illinois
1/31/1984,1984,Jan,0,121.91,0.5,26718.091,2908,5,35.527,-0.872998002,1.2,3284.7,Supperminicar,New York
2/29/1984,1984,Feb,0,103.4,0.75,16184.799,1375,4,17.551,-1.024215144,1.4,3844.2,Mediumfamilycar,New York
3/31/1984,1984,Mar,0,87.26,1.5,26620.42,4530,5,48.29,0.63655001,1.4,3822.1,Mediumfamilycar,Georgia
4/30/1984,1984,Apr,0,114.14,1,23074.589,2160,4,19.103,-1.527875203,2.1,2514,Sports,Illinois
5/31/1984,1984,May,0,91.44,1.5,21615.39,3635,5,32.523,0.412631061,2.2,851.8,Smallfamiliycar,Georgia
6/30/1984,1984,Jun,0,127.42,0.75,28058.381,2570,4,41.93,0.224350107,2.4,2194.6,Supperminicar,New York
7/31/1984,1984,Jul,0,100.8,0.5,30154.998,3560,8,63.205,0.336603117,2.9,4633.4,Mediumfamilycar,New York
8/31/1984,1984,Aug,0,110.13,0.25,29656.401,2319,6,41.126,-0.536862326,2.5,3141.2,Smallfamiliycar,California
9/30/1984,1984,Sep,0,79.2,0.07,20803.912,4391,4,53.231,0.227405084,2.5,2936.6,Supperminicar,New York
10/31/1984,1984,Oct,0,87.16,0.12,23453.938,3965,4,70.083,0.240457743,2,1740.9,Executivecar,Georgia
11/30/1984,1984,Nov,0,113.34,0.25,26656.317,4643,3,20.126,-2.482212064,1.5,2182.8,Smallfamiliycar,New York
12/31/1984,1984,Dec,0,103.18,0.34,29877.726,2855,4,28.434,0.292185412,2.1,4520.7,Executivecar,Illinois
1/31/1985,1985,Jan,0,120.42,0.5,22604.129,2372,3,35.385,0.196439169,2.9,3505.1,Smallfamiliycar,Georgia
2/28/1985,1985,Feb,0,104.85,0.75,24071.705,4911,7,36.966,0.042769031,1.1,4041.6,Smallfamiliycar,Illinois
3/31/1985,1985,Mar,0,101.45,1.5,19468.325,4850,8,36.339,-0.01725419,1.1,2563.9,Mediumfamilycar,Illinois
4/30/1985,1985,Apr,0,117.14,1,19018.967,1872,3,65.141,0.44214857,1.4,2861,Sports,Georgia
5/31/1985,1985,May,0,110.1,1.5,29062.629,2252,6,53.914,-0.208239047,1,3336.3,Mediumfamilycar,Georgia
6/30/1985,1985,Jun,0,98.04,0.75,31781.2,3317,9,47.759,-0.128876233,1.9,3678.1,Executivecar,Georgia
7/31/1985,1985,Jul,0,89.06,0.5,24639.949,2851,8,30.444,-0.568749179,1.1,2445.3,Smallfamiliycar,Illinois
8/31/1985,1985,Aug,0,76.28,0.25,30017.664,3845,3,60.28,0.494956868,2.8,2511.6,Executivecar,Georgia
9/30/1985,1985,Sep,0,95.62,0.07,26808.18,2314,8,67.894,0.112145403,2.3,3429,Smallfamiliycar,Illinois
10/31/1985,1985,Oct,0,88.14,0.12,21774.401,1724,8,60.13,-0.129120239,2.5,4702.3,Executivecar,Illinois
11/30/1985,1985,Nov,0,125.98,0.25,26806.978,4236,8,12.591,-3.775633389,2.6,832,Mediumfamilycar,California
12/31/1985,1985,Dec,0,93.5,0.34,32690.183,3052,7,49.411,0.745178199,2.7,4207.4,Sports,Georgia
1/31/1986,1986,Jan,0,93.22,0.5,24820.87,3898,6,15.466,-2.194814432,1.8,1845.3,Mediumfamilycar,Illinois
2/28/1986,1986,Feb,0,84.79,0.75,32823.218,4450,5,27.441,0.436390802,1.4,2517.7,Supperminicar,New York
3/31/1986,1986,Mar,0,97.34,1.5,11901.274,1077,5,15.952,-0.72022317,1.8,645.2,Supperminicar,Illinois
4/30/1986,1986,Apr,0,93.35,1,29109.513,4481,3,47.52,0.664309764,2.7,1345.2,Sports,California
5/31/1986,1986,May,0,117.38,1.5,25435.235,3621,8,52.322,0.091777837,1.4,2778.2,Mediumfamilycar,New York
6/30/1986,1986,Jun,0,101.68,0.75,23504.963,1131,3,19.14,-1.733646813,1.7,797.3,Executivecar,California
7/31/1986,1986,Jul,0,99.91,0.5,25458.804,1600,7,34.763,0.449414607,2.2,2727,Smallfamiliycar,Georgia
8/31/1986,1986,Aug,0,98.65,0.25,15062.155,2772,7,38.962,0.107771675,1.7,4661.6,Mediumfamilycar,California
9/30/1986,1986,Sep,0,107.86,0.07,23901.641,2065,4,33.905,-0.149152042,2.5,1015.6,Supperminicar,California
10/31/1986,1986,Oct,0,95.48,0.12,26785.563,3136,7,19.519,-0.737025462,2.3,3939.8,Sports,Georgia
11/30/1986,1986,Nov,0,106.67,0.25,32389.47,3449,4,36.799,0.469577978,1.2,2365.7,Executivecar,New York
12/31/1986,1986,Dec,0,116.14,0.34,22408.649,3343,6,56.068,0.34367197,2.4,3455,Sports,New York
1/31/1987,1987,Jan,0,104.6,0.5,20957.532,2863,3,16.618,-2.373931881,2.1,1702.7,Smallfamiliycar,California
2/28/1987,1987,Feb,0,97.5,0.75,22491.215,2318,9,17.15,0.031020408,1.2,1255.7,Executivecar,New York
3/31/1987,1987,Mar,0,90.47,1.5,29577.011,1615,6,33.077,0.481512834,1.6,1260,Executivecar,Illinois
4/30/1987,1987,Apr,0,97.25,1,26643.756,4597,7,67.12,0.507196067,2.9,860.8,Mediumfamilycar,Illinois
5/31/1987,1987,May,0,105.63,1.5,22351.199,3847,6,51.277,-0.308968933,2.7,1883.7,Sports,Illinois
6/30/1987,1987,Jun,0,84.67,0.75,27566.337,4762,6,51.863,0.011298999,3,3495.1,Sports,California
7/31/1987,1987,Jul,0,108.32,0.5,25485.388,4708,6,33.491,-0.548565286,1.7,4460.1,Sports,Georgia
8/31/1987,1987,Aug,0,102.08,0.25,29843.225,3469,7,46.932,0.286393079,2.1,4160.3,Executivecar,Georgia
9/30/1987,1987,Sep,0,98.51,0.07,21489.735,2888,9,13.088,-2.585880196,2.7,3587.9,Smallfamiliycar,Georgia
10/31/1987,1987,Oct,0,93.41,0.12,23361.689,2046,8,49.394,0.735028546,1.1,1038,Smallfamiliycar,Illinois
11/30/1987,1987,Nov,0,95.24,0.25,23039.459,1574,6,65.471,0.245559103,1.9,1831.1,Sports,California
12/31/1987,1987,Dec,0,105.97,0.34,17682.425,3190,4,48.029,-0.363155593,2.5,1922.6,Supperminicar,Georgia
1/31/1988,1988,Jan,0,98.72,0.5,26480.601,1992,7,63.175,0.239746735,2,1657.1,Executivecar,New York
2/29/1988,1988,Feb,0,94.99,0.75,26305.276,3712,6,54.49,-0.159387043,1.6,2833.1,Executivecar,California
3/31/1988,1988,Mar,0,104.69,1.5,25025.567,3192,9,19.492,-1.795505849,2.8,2924.3,Executivecar,Illinois
4/30/1988,1988,Apr,0,105.08,1,23827.064,2248,8,64.842,0.699392369,2.5,2131.5,Sports,New York
5/31/1988,1988,May,0,87.51,1.5,17923.146,4054,7,16.354,-2.964901553,1.4,3663.4,Mediumfamilycar,New York
6/30/1988,1988,Jun,0,105.71,0.75,22896.773,1502,5,43.47,0.623786519,2.1,4224.3,Mediumfamilycar,New York
7/31/1988,1988,Jul,0,125.02,0.5,23286.427,2997,8,20.744,-1.0955457,1.9,4050.1,Supperminicar,Illinois
8/31/1988,1988,Aug,0,104.7,0.25,20988.614,1820,4,13.179,-0.574019273,2.1,1913.7,Mediumfamilycar,New York
9/30/1988,1988,Sep,0,83.01,0.07,24193.571,4687,6,36.978,0.643598897,2.9,4602.5,Smallfamiliycar,Illinois
10/31/1988,1988,Oct,0,101.77,0.12,27020.254,3151,9,29.612,-0.248750507,2.7,4775.6,Mediumfamilycar,New York
11/30/1988,1988,Nov,0,81.69,0.25,34430.93,4110,5,40.688,0.272217853,2.1,1997.8,Sports,Georgia
12/31/1988,1988,Dec,0,131.67,0.34,25872.889,2970,9,45.978,0.115055026,2.6,2120.6,Sports,Georgia
1/31/1989,1989,Jan,0,122.36,0.5,26287.752,1197,5,15.037,-2.057657777,2.9,2791.5,Smallfamiliycar,Illinois
2/28/1989,1989,Feb,0,93.34,0.75,24627.77,2669,7,19.634,0.234134664,1.3,4723.8,Mediumfamilycar,New York
3/31/1989,1989,Mar,0,77.54,1.5,15406.144,3626,5,44.901,0.562726888,1,4436.2,Sports,Georgia
4/30/1989,1989,Apr,0,91.22,1,24867.431,3438,4,32.404,-0.385662264,1.4,1003.1,Supperminicar,New York
5/31/1989,1989,May,0,98.19,1.5,25301.151,2202,4,54.792,0.408599796,1.3,2290.5,Supperminicar,California
6/30/1989,1989,Jun,0,82.38,0.75,37316.211,3601,3,50.333,-0.088589991,2.5,3003.3,Smallfamiliycar,Illinois
7/31/1989,1989,Jul,0,99.31,0.5,24038.195,2471,4,61.545,0.182175644,1.1,2780.4,Mediumfamilycar,Georgia
8/31/1989,1989,Aug,0,98.12,0.25,26507.737,4571,8,52.665,-0.168612931,2.6,1408.2,Smallfamiliycar,Illinois
9/30/1989,1989,Sep,0,101.25,0.07,24826.441,4086,5,37.436,-0.40680094,1.1,4358.6,Sports,Georgia
10/31/1989,1989,Oct,0,102.3,0.12,19156.61,2646,4,51.532,0.273538772,1,3551.6,Mediumfamilycar,New York
11/30/1989,1989,Nov,0,90.34,0.25,30714.114,2692,7,28.472,-0.809918516,1.6,4265.8,Mediumfamilycar,Georgia
12/31/1989,1989,Dec,0,91.47,0.34,28759.665,2312,9,30.266,0.059274433,1,4358.3,Smallfamiliycar,Georgia
1/31/1990,1990,Jan,0,100.46,0.5,28955.16,3035,9,58.261,0.480510118,1.9,3868.5,Mediumfamilycar,New York
4/30/1992,1992,Apr,0,91.18,1,18397.717,1814,8,38.392,-0.517529694,2.5,804.6,Executivecar,Georgia
5/31/1992,1992,May,0,96.09,1.5,27609.708,3275,9,58.806,0.347141448,2.1,3257,Executivecar,Illinois
6/30/1992,1992,Jun,0,93.3,0.75,26484.923,2900,4,60.2,0.023156146,1.8,1259.5,Executivecar,California
7/31/1992,1992,Jul,0,99.54,0.5,26252.464,3263,9,62.239,0.032760809,2.9,3537,Mediumfamilycar,Illinois
8/31/1992,1992,Aug,0,96.7,0.25,26732.241,3995,7,65.665,0.052173913,1.8,1343.3,Sports,Georgia
9/30/1992,1992,Sep,0,96.49,0.07,21599.876,4767,6,37.497,-0.751206763,1,3627.1,Sports,Georgia
10/31/1992,1992,Oct,0,111.07,0.12,26161.268,3062,9,30.994,-0.209814803,2.6,1566.7,Executivecar,New York
11/30/1992,1992,Nov,0,105.57,0.25,26465.362,4228,8,46.268,0.330120169,1.4,1069.6,Supperminicar,New York
12/31/1992,1992,Dec,0,92.96,0.34,21428.243,4719,7,34.028,-0.359703773,1.2,1281.4,Supperminicar,Georgia
1/31/1993,1993,Jan,0,94.44,0.5,34328.873,4332,5,47.362,0.281533719,1.1,556.8,Smallfamiliycar,Georgia
2/28/1993,1993,Feb,0,104.92,0.75,27369.165,4228,9,53.424,0.113469602,1.1,3737,Executivecar,California
3/31/1993,1993,Mar,0,104.9,1.5,19043.483,3094,5,52.427,-0.019016919,2,3797.7,Mediumfamilycar,California
4/30/1993,1993,Apr,0,93.96,1,28282.768,3371,6,34.224,-0.531878214,1,2832.8,Mediumfamilycar,Georgia
5/31/1993,1993,May,0,97.66,1.5,20126.592,3891,8,22.178,-0.54315087,1.5,1264,Sports,Illinois
6/30/1993,1993,Jun,0,118.47,0.75,28935.423,4756,8,37.471,0.408128953,2.7,918.7,Sports,New York
7/31/1993,1993,Jul,0,94.13,0.5,30792.978,1129,9,20.77,-0.804092441,2,632.9,Sports,California
8/31/1993,1993,Aug,0,119.11,0.25,20896.588,4482,7,64.126,0.676106415,1.6,1283.4,Mediumfamilycar,New York
9/30/1993,1993,Sep,0,111.04,0.07,29816.881,1094,7,32.561,-0.969411259,2.5,4500.7,Executivecar,Georgia
10/31/1993,1993,Oct,0,117.25,0.12,27063.905,3674,8,21.459,-0.517358684,1.7,1619.7,Smallfamiliycar,California
11/30/1993,1993,Nov,0,93.71,0.25,29110.301,3802,7,13.976,-0.535417859,1.7,2119.9,Smallfamiliycar,New York
12/31/1993,1993,Dec,0,98.31,0.34,34483.965,2955,8,49.958,0.720245006,2.7,1015.4,Smallfamiliycar,California
1/31/1994,1994,Jan,0,95.51,0.5,23773.059,4363,9,49.44,-0.010477346,1.9,1534.6,Mediumfamilycar,Georgia
2/28/1994,1994,Feb,0,111.27,0.75,21231.319,1793,4,32.255,-0.532785615,1.5,2851.8,Mediumfamilycar,Georgia
3/31/1994,1994,Mar,0,94.32,1.5,20552.428,2834,8,16.659,-0.936190648,2,3244.6,Sports,Illinois
4/30/1994,1994,Apr,0,107.31,1,20920.949,4354,5,36.258,0.540542777,3,1636.6,Smallfamiliycar,California
5/31/1994,1994,May,0,106.78,1.5,24614.491,3116,7,30.551,-0.186802396,3,2496.8,Executivecar,Illinois
6/30/1994,1994,Jun,0,99.52,0.75,26705.76,2683,8,51.773,0.409904777,2.3,2283,Mediumfamilycar,New York
7/31/1994,1994,Jul,0,112.99,0.5,26383.454,1010,8,47.635,-0.086868899,1.1,1587.2,Smallfamiliycar,Georgia
8/31/1994,1994,Aug,0,101.08,0.25,29135.916,4325,9,33.646,-0.415770077,2.5,1522.2,Mediumfamilycar,Illinois
9/30/1994,1994,Sep,0,108.34,0.07,25065.009,2865,7,25.138,-0.338451746,1.7,4806.9,Smallfamiliycar,Illinois
10/31/1994,1994,Oct,0,95.05,0.12,32267.67,3919,4,69.806,0.639887689,2.6,3282.5,Mediumfamilycar,New York
11/30/1994,1994,Nov,0,92.77,0.25,23676.716,3597,9,38.832,-0.797641121,2.4,3018.9,Mediumfamilycar,California
12/31/1994,1994,Dec,0,107.31,0.34,38600.846,4205,4,52.42,0.25921404,1.3,2392.8,Smallfamiliycar,New York
1/31/1995,1995,Jan,0,104.31,0.5,28128.337,1711,9,20.652,-1.538252954,1.5,2451.2,Smallfamiliycar,Georgia
2/28/1995,1995,Feb,0,102.43,0.75,20714.212,3070,7,40.664,0.492130632,2.8,2948,Mediumfamilycar,California
3/31/1995,1995,Mar,0,96.56,1.5,19645.538,1814,3,14.097,-1.884585373,2.1,3638.1,Sports,Illinois
4/30/1995,1995,Apr,0,115.49,1,27412.362,1345,7,41.816,0.662880237,2.9,21147,Mediumfamilycar,New York
5/31/1995,1995,May,0,88.83,1.5,23882.686,3349,7,68.413,0.38877114,2,1309.8,Executivecar,Georgia
6/30/1995,1995,Jun,0,88.29,0.75,28570.002,1362,4,34.784,-0.966795078,1.7,2767,Executivecar,New York
7/31/1995,1995,Jul,0,109.42,0.5,27366.188,3443,4,14.762,-1.356320282,2.8,2375.9,Sports,New York
8/31/1995,1995,Aug,0,108.6,0.25,24635.855,3265,7,14.295,-0.032668765,2.4,4410.5,Sports,Georgia
9/30/1995,1995,Sep,0,103.54,0.07,20766.031,3188,7,35.003,0.591606434,2.2,3349.6,Mediumfamilycar,Georgia
10/31/1995,1995,Oct,0,97.12,0.12,17425.764,4687,7,21.781,-0.607042835,1.2,2910.7,Executivecar,New York
11/30/1995,1995,Nov,0,105.02,0.25,22767.425,4005,4,13.854,-0.572181319,1,1060,Sports,New York
12/31/1995,1995,Dec,0,117.21,0.34,29281.994,4281,7,56.36,0.754187367,2.9,3235.2,Mediumfamilycar,New York
1/31/1996,1996,Jan,0,125.16,0.5,26070.469,1984,7,39.094,-0.441653451,1.5,1068,Mediumfamilycar,Georgia
2/29/1996,1996,Feb,0,83.44,0.75,18771.306,4040,6,29.276,-0.335360022,2.3,2044.2,Supperminicar,Illinois
3/31/1996,1996,Mar,0,95.81,1.5,25865.905,4694,3,64.705,0.547546557,2.2,1181.8,Sports,Illinois
4/30/1996,1996,Apr,0,95.18,1,26926.587,2639,5,19.236,-2.363745061,1.5,3618.7,Sports,Georgia
5/31/1996,1996,May,0,116.27,1.5,20580.713,1827,3,67.943,0.716880326,1.2,1463.1,Smallfamiliycar,Georgia
6/30/1996,1996,Jun,0,75.19,0.75,25768.626,3730,6,30.71,-1.212406382,1.1,2286.7,Mediumfamilycar,Georgia
7/31/1996,1996,Jul,0,105.14,0.5,25291.044,4531,5,64.027,0.520358599,1.8,4522.1,Mediumfamilycar,Georgia
8/31/1996,1996,Aug,0,97.43,0.25,19285.149,4051,9,47.471,-0.348760296,2.3,1454.6,Smallfamiliycar,Illinois
9/30/1996,1996,Sep,0,116.38,0.07,26788.937,1355,7,60.449,0.214693378,1.4,2801.1,Sports,New York
10/31/1996,1996,Oct,0,115.01,0.12,27803.923,4055,6,69.573,0.131142828,2.5,2408.3,Smallfamiliycar,Illinois
11/30/1996,1996,Nov,0,103.66,0.25,30415.256,2347,9,29.228,-1.380354455,1.9,628.4,Supperminicar,New York
12/31/1996,1996,Dec,0,84.2,0.34,30269.01,4204,7,68.246,0.571725815,2.3,4065.5,Mediumfamilycar,New York
1/31/1997,1997,Jan,0,94.26,0.5,18111.653,3935,4,35.09,-0.944884583,1.7,854.4,Executivecar,New York
2/28/1997,1997,Feb,0,95.36,0.75,20310.875,4876,8,34.86,-0.00659782,2.5,2652.3,Supperminicar,California
3/31/1997,1997,Mar,0,86.74,1.5,27575.176,2863,6,32.242,-0.081198437,2.6,3035.7,Executivecar,California
4/30/1997,1997,Apr,0,111.55,1,27568.93,1126,4,43.902,0.265591545,1.2,1650.1,Mediumfamilycar,Illinois
5/31/1997,1997,May,0,85.47,1.5,27575.238,4177,6,21.44,-1.04766791,2.8,3603.5,Smallfamiliycar,New York
6/30/1997,1997,Jun,0,119.65,0.75,44263.657,4056,6,44.615,0.519444133,2,1671.8,Smallfamiliycar,Illinois
7/31/1997,1997,Jul,0,119.63,0.5,27854.453,1603,4,43.919,-0.015847355,2.6,592.3,Mediumfamilycar,Georgia
8/31/1997,1997,Aug,0,96.15,0.25,30677.828,4870,5,56.69,0.225277827,2.9,3757.9,Smallfamiliycar,California
9/30/1997,1997,Sep,0,103.28,0.07,29770.009,4449,3,60.852,0.068395451,2.9,2924.7,Sports,California
10/31/1997,1997,Oct,0,99.28,0.12,28256.956,2928,7,38.046,-0.599432266,2.6,4257.9,Sports,New York
11/30/1997,1997,Nov,0,109.02,0.25,23423.654,2013,6,30.035,-0.266722157,1.3,4192.5,Sports,Illinois
12/31/1997,1997,Dec,0,112.75,0.34,28794.846,1050,7,27.541,-0.090555898,2.4,4289.8,Smallfamiliycar,New York
1/31/1998,1998,Jan,0,102.58,0.5,21135.874,4100,8,23.788,-0.157768623,1.1,2700.4,Sports,Illinois
2/28/1998,1998,Feb,0,104.69,0.75,23815.907,4533,4,15.844,-0.501388538,1.8,2028.3,Mediumfamilycar,Illinois
3/31/1998,1998,Mar,0,93.79,1.5,22573.182,4367,7,32.362,0.510413448,2.1,4060.1,Mediumfamilycar,Illinois
4/30/1998,1998,Apr,0,104.37,1,25409.371,4368,4,28.174,-0.148647689,1.8,2550.4,Supperminicar,Illinois
5/31/1998,1998,May,0,101.63,1.5,36573.293,4797,7,68.552,0.58901272,2,1361.9,Supperminicar,California
6/30/1998,1998,Jun,0,90.88,0.75,15663.674,3826,3,44.847,-0.528574933,1.5,4341.5,Executivecar,Illinois
7/31/1998,1998,Jul,0,99.86,0.5,28431.301,2430,3,32.642,-0.373904785,2.4,4463.9,Mediumfamilycar,California
8/31/1998,1998,Aug,0,96.17,0.25,16936.421,2792,3,46.167,0.292958174,2.3,2617,Smallfamiliycar,California
9/30/1998,1998,Sep,0,93.91,0.07,22640.341,3861,3,20.573,-1.244057746,1.2,883.9,Executivecar,New York
10/31/1998,1998,Oct,0,88.54,0.12,30444.753,2636,3,38.255,0.46221409,1.1,2268.8,Smallfamiliycar,Illinois
11/30/1998,1998,Nov,0,100.63,0.25,25321.4,4476,3,48.822,0.21643931,1.2,4113.3,Mediumfamilycar,California
12/31/1998,1998,Dec,0,92.2,0.34,19611.276,4417,4,40.856,-0.194977482,2.2,4549.2,Mediumfamilycar,Georgia
1/31/1999,1999,Jan,0,95.29,0.5,21423.481,2645,6,35.803,-0.141133425,1.4,1450.8,Sports,California
2/28/1999,1999,Feb,0,110.75,0.75,28397.989,3467,7,70.143,0.489571304,2,845.2,Sports,New York
3/31/1999,1999,Mar,0,106.32,1.5,21348.167,2205,3,63.558,-0.103606155,2,4440.8,Mediumfamilycar,Illinois
4/30/1999,1999,Apr,0,90.21,1,26082.293,4030,4,48.658,-0.306218916,2.6,2275.8,Mediumfamilycar,New York
5/31/1999,1999,May,0,103.52,1.5,25227.859,3872,4,45.524,-0.068842808,1.8,2951.8,Mediumfamilycar,New York
6/30/1999,1999,Jun,0,101.33,0.75,21741.998,4072,4,48.498,0.061322116,2.6,4843.3,Sports,Georgia
7/31/1999,1999,Jul,0,117.02,0.5,35719.72,2854,6,24.176,-1.006039047,2.3,843.3,Mediumfamilycar,New York
8/31/1999,1999,Aug,0,113.83,0.25,28169.595,1566,7,35.418,0.317409227,1.3,3424.6,Smallfamiliycar,California
9/30/1999,1999,Sep,0,84.66,0.07,14874.287,3418,6,14.789,-1.394888093,2.6,876.8,Supperminicar,New York
10/31/1999,1999,Oct,0,108.61,0.12,25932.272,1935,5,40.082,0.631031386,2.9,2214,Mediumfamilycar,New York
11/30/1999,1999,Nov,0,112.65,0.25,21691.068,2934,9,43.995,0.088941925,2.9,4114.5,Mediumfamilycar,New York
12/31/1999,1999,Dec,0,105.59,0.34,29262.167,3708,4,25.709,-0.711268427,1.1,2471.3,Sports,Illinois
1/31/2000,2000,Jan,0,96.65,0.5,21037.396,4502,5,68.414,0.624214342,2,4972.5,Smallfamiliycar,New York
2/29/2000,2000,Feb,0,124.13,0.75,24426.318,4016,8,65.248,-0.04852256,2.2,3028.5,Mediumfamilycar,California
3/31/2000,2000,Mar,0,106.51,1.5,27524.936,2332,3,54.384,-0.199764637,1.4,1973,Sports,California
5/31/2002,2002,May,0,96.63,1.5,22799.778,1762,8,43.436,-0.252048992,1.3,1524.6,Sports,California
6/30/2002,2002,Jun,0,103.52,0.75,25653.703,2202,6,62.958,0.310079736,2.3,2103.3,Mediumfamilycar,California
7/31/2002,2002,Jul,0,99.08,0.5,32206.366,2205,5,20.078,-2.135670884,1.6,2200.9,Mediumfamilycar,New York
8/31/2002,2002,Aug,0,105.03,0.25,17820.689,1663,6,58.35,0.655904027,1.5,852.9,Mediumfamilycar,California
9/30/2002,2002,Sep,0,103.84,0.07,30815.819,1024,9,19.74,-1.955927052,1.7,2187.8,Sports,Illinois
10/31/2002,2002,Oct,0,110.31,0.12,25051.165,2990,5,58.564,0.66293286,2.7,2607.8,Smallfamiliycar,California
11/30/2002,2002,Nov,0,108.74,0.25,20092.457,2203,9,28.495,-1.055237761,1.2,3754.8,Sports,California
12/31/2002,2002,Dec,0,107.68,0.34,27310.517,1709,5,63.371,0.550346373,1.9,3461.9,Executivecar,New York
1/31/2003,2003,Jan,0,131.05,0.5,25995.298,4572,6,67.254,0.057736343,2.4,3692.8,Mediumfamilycar,Georgia
2/28/2003,2003,Feb,0,103.47,0.75,21998.916,2879,5,21.13,-2.18286796,2.1,585.1,Supperminicar,Illinois
3/31/2003,2003,Mar,0,125.94,1.5,25349.01,2184,5,39.335,0.462819372,2.9,3483.9,Mediumfamilycar,Georgia
4/30/2003,2003,Apr,0,104.12,1,23073.432,3224,4,69.397,0.433188755,2.7,1513.4,Mediumfamilycar,New York
5/31/2003,2003,May,0,99.17,1.5,25567.587,1284,7,40.538,-0.711899946,1.5,2695.5,Smallfamiliycar,Georgia
6/30/2003,2003,Jun,0,96.27,0.75,28310.653,1062,7,62.586,0.352283258,3,571.6,Executivecar,California
7/31/2003,2003,Jul,0,115.1,0.5,32930.084,2002,8,46.646,-0.341722763,2.2,4117.5,Sports,Georgia
8/31/2003,2003,Aug,0,116.41,0.25,18810.923,1661,8,34.269,-0.361171905,2,3977,Mediumfamilycar,Georgia
9/30/2003,2003,Sep,0,106,0.07,35665.167,3713,4,29.075,-0.178641445,2.9,2981.3,Executivecar,New York
10/31/2003,2003,Oct,0,111.34,0.12,15239.561,3203,8,24.287,-0.197142504,1.1,842.9,Supperminicar,California
11/30/2003,2003,Nov,0,87.23,0.25,24241.075,4953,9,56.684,0.571536942,2.5,3949,Mediumfamilycar,New York
12/31/2003,2003,Dec,0,84.51,0.34,27941.586,2492,6,34.919,-0.623299636,2.4,3137.9,Smallfamiliycar,Illinois
1/31/2004,2004,Jan,0,112.46,0.5,26404.959,4120,3,42.154,0.171632585,2.4,4017.6,Executivecar,New York
2/29/2004,2004,Feb,0,98.73,0.75,21886.502,1966,9,41.055,-0.026768968,2.5,3883.5,Sports,California
3/31/2004,2004,Mar,0,107.49,1.5,23959.389,1848,3,45.982,0.107150624,3,4110.9,Executivecar,California
4/30/2004,2004,Apr,0,92.83,1,22534.995,2107,3,62.703,0.266669856,1.5,2846.4,Supperminicar,California
5/31/2004,2004,May,0,116.57,1.5,22053.176,4432,4,69.383,0.096277186,1.1,1170.6,Mediumfamilycar,California
6/30/2004,2004,Jun,0,84.6,0.75,29248.01,1688,9,36.14,-0.919839513,2.6,3525.9,Mediumfamilycar,Illinois
7/31/2004,2004,Jul,0,86.14,0.5,26785.077,1147,4,60.496,0.402605131,1.7,3301,Mediumfamilycar,Illinois
8/31/2004,2004,Aug,0,114.44,0.25,21535.452,4701,5,56.843,-0.064264729,1.5,3841.4,Sports,New York
9/30/2004,2004,Sep,0,73.9,0.07,29497.999,1341,3,45.765,-0.242062712,1.3,1301.8,Sports,California
10/31/2004,2004,Oct,0,103.79,0.12,26536.498,3523,6,67.951,0.326499978,2.2,1413.1,Executivecar,Illinois
11/30/2004,2004,Nov,0,98.93,0.25,29064.311,2086,8,24.128,-1.816271552,2.4,4498.7,Mediumfamilycar,California
12/31/2004,2004,Dec,0,92.64,0.34,28148.144,2724,6,18.837,-0.280883368,2.3,3875.7,Smallfamiliycar,Illinois
1/31/2005,2005,Jan,0,98,0.5,20855.025,2383,8,62.03,0.696324359,1.6,4577.8,Smallfamiliycar,Illinois
2/28/2005,2005,Feb,0,91.52,0.75,22199.095,3608,3,37.971,-0.633615127,1.4,3914.4,Mediumfamilycar,Illinois
3/31/2005,2005,Mar,0,115.42,1.5,28736.468,1326,3,61.624,0.383827729,2.6,3197.6,Mediumfamilycar,Illinois
4/30/2005,2005,Apr,0,118.04,1,28051.851,2792,3,64.299,0.041602513,2.3,3450.4,Executivecar,California
5/31/2005,2005,May,0,93.14,1.5,24895.492,2759,4,16.123,-2.988029523,1.2,4493.1,Executivecar,California
6/30/2005,2005,Jun,0,102.76,0.75,25586.637,4212,9,63.741,0.747054486,1.4,3116.2,Supperminicar,New York
7/31/2005,2005,Jul,0,86.75,0.5,31388.324,1989,8,38.503,-0.655481391,1,3353.9,Mediumfamilycar,Georgia
8/31/2005,2005,Aug,0,110.73,0.25,22042.143,3262,9,42.105,0.085548035,1.5,1242.3,Smallfamiliycar,Illinois
9/30/2005,2005,Sep,0,110.47,0.07,27735.487,3482,4,48.842,0.137934565,2.2,2650.8,Smallfamiliycar,California
10/31/2005,2005,Oct,0,97.05,0.12,23989.037,4962,4,66.23,0.262539635,1.8,3726.7,Sports,Georgia
11/30/2005,2005,Nov,0,100.17,0.25,23911.594,1951,7,13.609,-3.866632376,1.7,1750.2,Supperminicar,Georgia
12/31/2005,2005,Dec,0,99.06,0.34,30493.884,1722,6,40.157,0.661105162,2.8,1445.4,Mediumfamilycar,Georgia
1/31/2006,2006,Jan,0,83.82,0.5,29127.082,4389,6,52.388,0.233469497,1.9,1940.4,Smallfamiliycar,Illinois
2/28/2006,2006,Feb,0,115.46,0.75,29067.548,3079,5,54.417,0.037286142,1.6,1619.5,Sports,California
3/31/2006,2006,Mar,0,92.33,1.5,31527.394,3717,4,52.667,-0.033227638,2.7,1501.6,Mediumfamilycar,California
4/30/2006,2006,Apr,0,92.4,1,25105.019,3332,8,20.297,-1.594816968,1.4,2433.1,Smallfamiliycar,California
5/31/2006,2006,May,0,98.5,1.5,28409.765,4376,7,29.865,0.320375021,1.8,4576.1,Mediumfamilycar,New York
6/30/2006,2006,Jun,0,109.96,0.75,23448.666,1428,7,33.306,0.103314718,1.1,2797.8,Executivecar,Georgia
7/31/2006,2006,Jul,0,94.09,0.5,26620.832,2500,9,59.157,0.436989705,2.9,1381.8,Sports,New York
8/31/2006,2006,Aug,0,80.48,0.25,24349.285,1285,6,28.668,-1.063520301,2.5,889.5,Smallfamiliycar,New York
9/30/2006,2006,Sep,0,91.13,0.07,25484.98,4215,4,24.721,-0.159661826,1.8,3636.8,Sports,New York
10/31/2006,2006,Oct,0,104.24,0.12,27975.785,4495,5,68.032,0.636626881,2.4,2246.5,Sports,New York
11/30/2006,2006,Nov,0,121.9,0.25,20908.897,4090,4,13.014,-4.227601045,1.6,4194.5,Sports,California
12/31/2006,2006,Dec,0,87.4,0.34,35461.936,3065,9,70.374,0.815073749,1.5,3474.2,Executivecar,Illinois
1/31/2007,2007,Jan,0,87.03,0.5,19969.913,1768,3,51.756,-0.359726409,2.8,4080.9,Executivecar,New York
2/28/2007,2007,Feb,0,84.87,0.75,18929.057,3637,4,60.551,0.145249459,2,1754.6,Mediumfamilycar,Georgia
3/31/2007,2007,Mar,0,83.63,1.5,30790.554,2394,9,29.588,-1.046471543,2,3620,Executivecar,New York
4/30/2007,2007,Apr,0,112.06,1,28958.313,4246,3,13.33,-1.219654914,2.3,1719.6,Mediumfamilycar,Illinois
5/31/2007,2007,May,0,114.95,1.5,28120.599,4057,3,55.296,0.758933738,1.1,4714.6,Executivecar,New York
6/30/2007,2007,Jun,0,101.78,0.75,28141.728,1193,5,60.88,0.091721419,1.3,3371.6,Mediumfamilycar,Illinois
7/31/2007,2007,Jul,0,95.32,0.5,24938.766,3549,8,55.448,-0.097965662,1.6,1987.9,Executivecar,Georgia
8/31/2007,2007,Aug,0,117.91,0.25,20513.728,1987,6,20.785,-1.667693048,1.6,1743.8,Sports,Georgia
9/30/2007,2007,Sep,0,101.74,0.07,25379.023,2136,4,56.199,0.630153561,2.1,1395.1,Smallfamiliycar,California
10/31/2007,2007,Oct,0,110.89,0.12,21614.191,3161,3,57.098,0.01574486,1.2,3630.1,Sports,California
11/30/2007,2007,Nov,0,94.84,0.25,29875.599,4293,4,50.695,-0.126304369,1.6,1518.4,Mediumfamilycar,Georgia
12/31/2007,2007,Dec,0,100.44,0.34,24264.713,2701,8,56.935,0.109598665,1.5,3189.4,Sports,Illinois
1/31/2008,2008,Jan,0,87.63,0.5,20872.514,1946,6,61.563,0.075175024,1.3,1722.2,Mediumfamilycar,New York
2/29/2008,2008,Feb,0,106.29,0.75,23393.071,1830,8,48.089,-0.280188817,2.5,3485.2,Mediumfamilycar,Illinois
3/31/2008,2008,Mar,0,101.91,1.5,27064.657,4715,6,17.639,-1.726288338,1.4,4163.9,Sports,California
1/31/2010,2010,Jan,0,103.73,0.5,27596.733,1312,8,40.782,0.567480751,2.6,4000.1,Smallfamiliycar,California
2/28/2010,2010,Feb,0,105.07,0.75,32663.695,3806,8,17.004,-1.398376853,2.3,3923.9,Sports,Illinois
3/31/2010,2010,Mar,0,101.98,1.5,24456.199,2858,9,36.137,0.529457343,2.3,1380.9,Mediumfamilycar,California
4/30/2010,2010,Apr,0,97.4,1,27008.559,3007,9,36.112,-0.000692291,1,940.2,Mediumfamilycar,Georgia
5/31/2010,2010,May,0,101.81,1.5,28450.72,3006,6,16.329,-1.211525507,1.3,3649.2,Mediumfamilycar,California
6/30/2010,2010,Jun,0,107.52,0.75,22993.898,3490,5,32.732,0.501130392,1.6,2182.4,Mediumfamilycar,Illinois
7/31/2010,2010,Jul,0,108.39,0.5,26120.462,2790,8,18.938,-0.728376809,1.5,2466.3,Mediumfamilycar,Georgia
8/31/2010,2010,Aug,0,118.15,0.25,25062.962,1327,8,59.378,0.681060325,1.9,686.2,Supperminicar,New York
9/30/2010,2010,Sep,0,90.1,0.07,25488.38,4125,5,67.466,0.119882608,1.1,1699.7,Smallfamiliycar,California
10/31/2010,2010,Oct,0,95.6,0.12,21134.951,3808,3,16.694,-3.041332215,2,697.4,Supperminicar,Georgia
11/30/2010,2010,Nov,0,83.87,0.25,25122.551,4310,8,67.897,0.754127576,2.2,4448.9,Sports,California
12/31/2010,2010,Dec,0,109.31,0.34,27489.991,4300,6,42.809,-0.586044991,2.7,1628,Sports,Illinois
1/31/2011,2011,Jan,0,96.65,0.5,32255.718,3626,7,29.875,-0.432937238,1.4,3020.9,Mediumfamilycar,Georgia
2/28/2011,2011,Feb,0,102.06,0.75,29796.354,4122,7,16.958,-0.76170539,1.5,721,Executivecar,California
3/31/2011,2011,Mar,0,93.96,1.5,35765.912,4680,4,41.536,0.591727658,2.2,3506.8,Mediumfamilycar,Georgia
4/30/2011,2011,Apr,0,96.73,1,21163.262,4675,4,58.582,0.290976751,2.9,1981.3,Executivecar,Illinois
5/31/2011,2011,May,0,112.23,1.5,29361.603,4054,7,53.511,-0.094765562,1.3,4532.1,Sports,Illinois
6/30/2011,2011,Jun,0,106.94,0.75,25916.71,2287,7,15.413,-2.471809511,3,4488.6,Sports,Georgia
7/31/2011,2011,Jul,0,98.88,0.5,35949.015,4489,9,16.728,0.078610713,1.6,1991.3,Mediumfamilycar,Georgia
8/31/2011,2011,Aug,0,107.68,0.25,20958.509,4874,6,35.867,0.533610282,1.1,4545.6,Executivecar,New York
9/30/2011,2011,Sep,0,107.9,0.07,20801.391,3143,5,29.627,-0.210618692,2.1,4968,Smallfamiliycar,Georgia
10/31/2011,2011,Oct,0,96.09,0.12,22003.037,2111,4,25.978,-0.140465009,2.5,4210.4,Sports,New York
11/30/2011,2011,Nov,0,85.31,0.25,14380.521,4149,9,28.798,0.097923467,1.6,4296.7,Supperminicar,Georgia
12/31/2011,2011,Dec,0,91.01,0.34,22371.225,2311,9,59.102,0.512740686,1.4,1652.9,Executivecar,Georgia
1/31/2012,2012,Jan,0,86.59,0.5,21204.337,4191,5,66.395,0.109842609,1.9,3106.8,Executivecar,New York
2/29/2012,2012,Feb,0,111.64,0.75,25751.969,3861,9,35.996,-0.844510501,1.1,846.4,Executivecar,Illinois
3/31/2012,2012,Mar,0,113.38,1.5,26708.78,3538,6,65.054,0.44667507,2.9,969.2,Smallfamiliycar,California
4/30/2012,2012,Apr,0,115.86,1,34380.854,4983,7,31.147,-1.088612065,2,4423.5,Sports,New York
5/31/2012,2012,May,0,79.8,1.5,29752.119,1451,8,40.133,0.223905514,1.6,1997.3,Smallfamiliycar,California
6/30/2012,2012,Jun,0,110.71,0.75,22115.482,2523,5,25.61,-0.567083171,1.3,3867.7,Executivecar,Illinois
7/31/2012,2012,Jul,0,122.12,0.5,20507.927,1164,7,49.648,0.484168547,2.6,4127.2,Smallfamiliycar,New York
8/31/2012,2012,Aug,0,111.12,0.25,27459.596,1181,7,69.281,0.283382168,1.4,4355,Mediumfamilycar,Illinois
9/30/2012,2012,Sep,0,78.49,0.07,18398.834,3516,3,47.503,-0.458455255,1.9,4974.5,Mediumfamilycar,California
10/31/2012,2012,Oct,0,117.68,0.12,34157.294,1909,5,33.253,-0.428532764,2.2,1619.5,Mediumfamilycar,New York
11/30/2012,2012,Nov,0,100.42,0.25,30897.201,3782,9,50.073,0.335909572,2.7,727,Smallfamiliycar,Georgia
12/31/2012,2012,Dec,0,97.68,0.34,22654.122,1822,8,19.629,-1.550970503,1.3,2372.5,Smallfamiliycar,Illinois
1/31/2013,2013,Jan,0,104.51,0.5,16434.327,1943,5,64.042,0.693498017,2.7,1125.2,Mediumfamilycar,New York
2/28/2013,2013,Feb,0,89.51,0.75,31769.362,3001,9,41.679,-0.53655318,2.4,647.5,Executivecar,California
3/31/2013,2013,Mar,0,100.03,1.5,24427.301,3054,7,38.562,-0.08083087,2.4,2147.2,Sports,Illinois
4/30/2013,2013,Apr,0,116.2,1,31189.082,1329,8,46.48,0.17035284,1.3,4025.4,Supperminicar,Georgia
5/31/2013,2013,May,0,106.22,1.5,17027.862,1774,9,48.737,0.046309785,1.7,3060.1,Mediumfamilycar,Georgia
6/30/2013,2013,Jun,0,100.58,0.75,22003.125,4744,6,16.663,-1.92486347,1.4,1935.8,Smallfamiliycar,Illinois
7/31/2013,2013,Jul,0,100.9,0.5,25026.218,3198,9,52.092,0.680123627,2.5,3451.3,Supperminicar,Illinois
8/31/2013,2013,Aug,0,88.19,0.25,25234.903,4156,3,26.532,-0.963364993,1.8,1577.5,Executivecar,California
9/30/2013,2013,Sep,0,98.5,0.07,22749.673,1146,7,53.909,0.507837281,1.9,611.8,Executivecar,New York
10/31/2013,2013,Oct,0,83.66,0.12,28114.25,4695,9,60.207,0.104605777,1.3,3939.4,Smallfamiliycar,New York
11/30/2013,2013,Nov,0,110.22,0.25,19661.898,4452,4,59.13,-0.018214105,1.2,3315.5,Smallfamiliycar,California
12/31/2013,2013,Dec,0,78.14,0.34,24288.103,1914,4,44.545,-0.327421708,3,3930.3,Supperminicar,New York
1/31/2014,2014,Jan,0,108.55,0.5,25601.478,2571,3,42.67,-0.04394188,1.7,720.8,Sports,Illinois
2/28/2014,2014,Feb,0,109.79,0.75,27572.194,2308,6,20.787,-1.052725261,2.9,4262.3,Sports,Illinois
3/31/2014,2014,Mar,0,113.19,1.5,28558.074,3747,7,57.47,0.638298243,1.9,3296.8,Smallfamiliycar,Illinois
4/30/2014,2014,Apr,0,100.87,1,19376.79,1081,5,28.242,-1.034912542,2.4,3047.8,Smallfamiliycar,Georgia
5/31/2014,2014,May,0,109.17,1.5,17329.429,1513,3,41.308,0.316306769,2.4,3319.4,Sports,New York
6/30/2014,2014,Jun,0,98.4,0.75,31388.384,2920,6,28.988,-0.42500345,2.3,4383.5,Sports,New York
7/31/2014,2014,Jul,0,88.13,0.5,26661.57,3862,5,20.262,-0.430658375,1.8,3152.2,Mediumfamilycar,California
8/31/2014,2014,Aug,0,115.31,0.25,21257.567,3756,4,49.014,0.586607908,2.3,3125.7,Supperminicar,Illinois
9/30/2014,2014,Sep,0,99.03,0.07,32755.76,2939,4,15.651,-2.131684876,1.5,4943.6,Supperminicar,Illinois
10/31/2014,2014,Oct,0,85.9,0.12,25578.373,4594,5,55.921,0.720123031,2.2,3905.6,Mediumfamilycar,New York
11/30/2014,2014,Nov,0,95.33,0.25,30896.486,1745,3,30.92,-0.808570505,2.9,2510.5,Mediumfamilycar,Georgia
12/31/2014,2014,Dec,0,95.73,0.34,25337.592,4070,4,12.508,-1.472017909,1.4,3686.7,Supperminicar,Illinois
1/31/2015,2015,Jan,0,104.62,0.5,35303.74,2409,7,42.145,0.703215091,2.4,2275,Mediumfamilycar,New York
2/28/2015,2015,Feb,0,123.47,0.75,33776.704,1706,8,15.217,-1.76959979,2.1,1563.5,Supperminicar,California
3/31/2015,2015,Mar,0,105.22,1.5,23755.179,1470,9,28.518,0.466407181,1.6,3196.2,Executivecar,Illinois
4/30/2015,2015,Apr,0,102.07,1,29857.855,4190,5,53.505,0.467003084,2.3,4666.3,Mediumfamilycar,New York
5/31/2015,2015,May,0,124.56,1.5,28226.88,1395,5,16.136,-2.315877541,2.9,4670.6,Supperminicar,Georgia
6/30/2015,2015,Jun,0,109.79,0.75,31843.158,2555,4,61.182,0.736262299,2.3,2065,Mediumfamilycar,Illinois
7/31/2015,2015,Jul,0,102.54,0.5,20175.383,3308,3,12.722,-3.809149505,1.1,2889.3,Mediumfamilycar,California
8/31/2015,2015,Aug,0,95.21,0.25,28430.257,1804,7,26.816,0.525581742,1.7,1487,Sports,New York
9/30/2015,2015,Sep,0,103.16,0.07,30292.122,1933,3,55.472,0.516584944,1.7,4965.6,Mediumfamilycar,Georgia
10/31/2015,2015,Oct,0,99.34,0.12,16206.303,2279,6,30.844,-0.798469719,1.7,4901.2,Smallfamiliycar,Georgia
11/30/2015,2015,Nov,0,100.91,0.25,19083.707,2757,6,18.41,-0.675393808,2.6,3429.9,Executivecar,New York
12/31/2015,2015,Dec,0,113.14,0.34,14803.839,1904,8,33.394,0.44870336,2.2,4117.2,Smallfamiliycar,California
1/31/2016,2016,Jan,0,94.6,0.5,23652.966,4297,4,28.183,-0.184898698,1.5,3720.9,Sports,Illinois
2/29/2016,2016,Feb,0,105.14,0.75,28587.711,2076,4,61.377,0.54082148,2.8,3179.8,Mediumfamilycar,New York
3/31/2016,2016,Mar,0,109.49,1.5,32511.785,3987,4,30.674,-1.000945426,2.4,985.14,Mediumfamilycar,Georgia
4/30/2016,2016,Apr,0,93.38,1,25370.474,2890,8,58.258,0.473480037,2.4,2565.8,Supperminicar,California
5/31/2016,2016,May,0,91.77,1.5,33143.078,2523,6,64.229,0.092964237,2.1,1420.6,Mediumfamilycar,California
6/30/2016,2016,Jun,0,98.5,0.75,18099.493,4577,3,37.661,-0.705451263,1,3554.2,Sports,Illinois
7/31/2016,2016,Jul,0,95.38,0.5,16483.088,3901,8,65.277,0.423058658,2.9,2203.5,Sports,Illinois
8/31/2016,2016,Aug,0,111.52,0.25,24722.262,2387,8,34.384,-0.898470219,2,4726.3,Smallfamiliycar,California
9/30/2016,2016,Sep,0,89.98,0.07,26920.327,2303,3,68.417,0.497434848,2.6,1290.6,Smallfamiliycar,Illinois
10/31/2016,2016,Oct,0,100.68,0.12,24836.526,1592,4,17.679,-2.869958708,1.1,2768.1,Sports,New York
11/30/2016,2016,Nov,0,125.46,0.25,14662.789,3761,7,52.347,0.66227291,2.8,3613.5,Sports,Illinois
12/31/2016,2016,Dec,0,104.13,0.34,24554.4,4229,3,41.141,-0.272380351,2.2,3641.2,Supperminicar,California
1/31/2017,2017,Jan,0,105.79,0.5,18477.652,3679,6,34.984,-0.17599474,1.5,3426,Mediumfamilycar,Illinois
2/28/2017,2017,Feb,0,111.61,0.75,28348.363,3106,5,49.197,0.28889973,1.6,1769.5,Mediumfamilycar,Illinois
3/31/2017,2017,Mar,0,95.37,1.5,26832.991,4798,5,53.324,0.077394794,2.2,1241.1,Sports,New York
4/30/2017,2017,Apr,0,89.19,1,20300.601,1127,9,12.753,-3.181290677,2.3,3369.7,Supperminicar,Illinois
5/31/2017,2017,May,0,101.77,1.5,22430.665,1735,9,22.183,0.425100302,2.2,3207.1,Smallfamiliycar,New York
6/30/2017,2017,Jun,0,102.65,0.75,19703.932,3768,8,53.857,0.588112966,2.5,1343.8,Executivecar,New York
7/31/2017,2017,Jul,0,83.82,0.5,24686.605,4953,5,51.15,-0.052922776,2.6,3676.7,Supperminicar,Illinois
8/31/2017,2017,Aug,0,103.75,0.25,29775.712,4186,7,68.531,0.253622448,2,2567.6,Mediumfamilycar,New York
9/30/2017,2017,Sep,0,110.7,0.07,20071.37,4280,4,56.64,-0.209939972,2.5,3510.9,Mediumfamilycar,Illinois
10/31/2017,2017,Oct,0,90.87,0.12,27520.233,3573,6,67.645,0.16268756,2.4,4263.4,Mediumfamilycar,New York
11/30/2017,2017,Nov,0,104.36,0.25,22348.712,1520,9,53.247,-0.27040021,1.7,1301.1,Mediumfamilycar,New York
12/31/2017,2017,Dec,0,108.92,0.34,21035.636,3599,7,29.787,-0.787591903,1.1,632.9,Mediumfamilycar,Illinois
1/31/2018,2018,Jan,0,105.87,0.5,24464.848,1236,6,18.611,-0.600505078,1.8,4004.9,Smallfamiliycar,Georgia
2/28/2018,2018,Feb,0,106.81,0.75,19823.788,2304,6,57.846,0.678266432,2.8,3253.2,Mediumfamilycar,Georgia
3/31/2018,2018,Mar,0,97.55,1.5,22231.753,4430,4,49.861,-0.160145204,2.8,3652.3,Sports,California
4/30/2018,2018,Apr,0,88.72,1,19010.611,4272,8,15.295,-2.259954233,1.1,4266.9,Executivecar,California
5/31/2018,2018,May,0,95.53,1.5,34823.626,2781,5,33.383,0.541832669,2.4,4110.1,Smallfamiliycar,New York
6/30/2018,2018,Jun,0,94.14,0.75,25176.318,2301,4,67.994,0.509030209,2.8,4811.6,Smallfamiliycar,New York
7/31/2018,2018,Jul,0,99.2,0.5,21501.372,4306,7,41.523,-0.637502107,1.8,2925.9,Smallfamiliycar,Illinois
8/31/2018,2018,Aug,0,110.93,0.25,26069.9,3541,8,37.598,-0.104393851,1.8,2715.5,Mediumfamilycar,Georgia
9/30/2018,2018,Sep,0,86.88,0.07,24438.36,3051,7,39.047,0.037109125,1.7,2331.2,Mediumfamilycar,New York
10/31/2018,2018,Oct,0,101.44,0.12,23895.152,3713,8,24.615,-0.586309161,2.5,1229.9,Executivecar,New York
11/30/2018,2018,Nov,0,89.37,0.25,28070.834,1441,9,33.885,0.273572377,3,3088.7,Supperminicar,Illinois
12/31/2018,2018,Dec,0,92.6,0.34,28787.539,3076,7,33.949,0.001885181,1.1,1777.1,Supperminicar,Illinois
1/31/2019,2019,Jan,0,105.59,0.5,22347.494,4180,4,15.537,-1.185042157,2.5,4635.8,Mediumfamilycar,Illinois
2/28/2019,2019,Feb,0,88.1,0.75,22120.909,3657,8,57.019,0.727511882,1.6,3135.6,Executivecar,California
3/31/2019,2019,Mar,0,107.34,1.5,23624.742,4798,8,36.657,-0.555473716,1.6,3178.4,Smallfamiliycar,New York
4/30/2019,2019,Apr,0,86.48,1,13490.394,1804,6,60.186,0.390938092,1.8,2122.8,Executivecar,Georgia
5/31/2019,2019,May,0,106.67,1.5,17424.045,1074,6,61.82,0.026431576,2.4,778.7,Smallfamiliycar,California
6/30/2019,2019,Jun,0,84.5,0.75,31834.371,3885,3,24.796,-1.493144055,2.5,688.8,Sports,New York
7/31/2019,2019,Jul,0,93.82,0.5,33224.839,4217,7,50.627,0.510221818,1.8,2426.3,Sports,Illinois
8/31/2019,2019,Aug,0,118.96,0.25,23754.82,3175,6,39.892,-0.269101574,1.3,923.2,Smallfamiliycar,California
9/30/2019,2019,Sep,0,117.09,0.07,27882.785,4924,3,63.549,0.372263922,1.1,3240.6,Smallfamiliycar,Georgia
10/31/2019,2019,Oct,0,95.87,0.12,26556.251,3089,9,25.013,-1.540638868,2.8,4456.9,Mediumfamilycar,Georgia
11/30/2019,2019,Nov,0,103.9,0.25,40394.404,2379,9,51.813,0.517244707,2.7,4465.5,Smallfamiliycar,California
12/31/2019,2019,Dec,0,112.04,0.34,30597.875,1040,6,47.75,-0.085089005,1.1,3472.2,Executivecar,California
1/31/2020,2020,Jan,0,106.81,0.5,24360.412,3981,7,29.627,-0.611705539,1.5,1485.2,Sports,California
2/29/2020,2020,Feb,0,97.27,0.75,20222.298,3081,8,20.423,-0.450668364,1.2,4377.1,Executivecar,New York
3/31/2020,2020,Mar,0,92.51,1.5,16967.768,4088,5,50.295,0.593935779,2.6,4479.6,Sports,Illinois
4/30/2020,2020,Apr,0,108.68,1,26017.318,2700,7,55.339,0.091147292,1.8,1024.5,Mediumfamilycar,California
5/31/2020,2020,May,0,111.31,1.5,21218.246,4224,4,30.806,-0.796370837,1.6,3820,Smallfamiliycar,California
6/30/2020,2020,Jun,0,117.16,0.75,17888.731,4045,9,49.9,0.382645291,1.6,1819.3,Executivecar,California
7/31/2020,2020,Jul,0,83.13,0.5,21767.136,2401,6,35.418,-0.408888136,2.2,4109.3,Mediumfamilycar,Georgia
8/31/2020,2020,Aug,0,87.47,0.25,19592.26,1587,6,53.866,0.342479486,3,4972.7,Executivecar,Illinois
1/31/2021,2021,Jan,0,94.79,0.5,25386.842,3074,5,24.054,-1.239378066,1.8,681.2,Smallfamiliycar,Illinois
2/28/2021,2021,Feb,0,102.05,0.75,20693.579,4896,9,64.132,0.624929832,2.5,4529.6,Supperminicar,New York
3/31/2021,2021,Mar,0,86.55,1.5,32615.62,4358,6,29.17,-1.198560165,2.1,3310.6,Sports,New York
4/30/2021,2021,Apr,0,108.24,1,27694.55,1645,6,33.832,0.137798534,1.1,4866.9,Smallfamiliycar,Georgia
5/31/2021,2021,May,0,116.9,1.5,19813.769,1730,5,15.869,-1.131955385,2.2,2611.2,Sports,California
6/30/2021,2021,Jun,0,108.71,0.75,24048.307,1167,3,18.968,0.16338043,1.3,4307.9,Sports,California
7/31/2021,2021,Jul,0,97.53,0.5,20621.909,1609,9,42.42,0.552852428,2.6,824.8,Executivecar,California
8/31/2021,2021,Aug,0,84.62,0.25,18086.001,3315,8,28.02,-0.51391863,1.7,2035.6,Executivecar,New York
9/30/2021,2021,Sep,0,85,0.07,29630.888,2772,5,60.958,0.54033925,1,845.4,Mediumfamilycar,Illinois
10/31/2021,2021,Oct,0,86.7,0.12,34547.083,3040,8,13.352,-3.565458358,2.8,4875.6,Sports,Illinois
11/30/2021,2021,Nov,0,99.88,0.25,18007.162,3868,7,34.487,0.612839621,3,4172.9,Smallfamiliycar,New York
12/31/2021,2021,Dec,0,101.13,0.34,27814.846,1454,6,32.066,-0.07550053,2.1,4330.8,Mediumfamilycar,Georgia
1/31/2022,2022,Jan,0,108.68,0.5,21746.787,3953,8,13.621,-1.354159019,2.8,4709.8,Executivecar,Georgia
2/28/2022,2022,Feb,0,82.04,0.75,22564.373,2708,4,19.713,0.309034647,1.5,925.6,Mediumfamilycar,New York
3/31/2022,2022,Mar,0,113.11,1.5,22038.03,4472,8,36.491,0.459784604,1.2,2258.9,Mediumfamilycar,New York
4/30/2022,2022,Apr,0,106.94,1,20680.046,3969,7,41.086,0.111838582,2.1,863.2,Mediumfamilycar,California
5/31/2022,2022,May,0,96.73,1.5,25242.608,4028,9,35.949,-0.142896882,2.5,1483.3,Mediumfamilycar,Georgia
6/30/2022,2022,Jun,0,88.1,0.75,20845.249,4547,6,43.294,0.169653994,2.1,1565.7,Sports,Illinois
7/31/2022,2022,Jul,0,112.49,0.5,26352.284,1701,5,47.018,0.079203709,1.6,2629.4,Smallfamiliycar,California
8/31/2022,2022,Aug,0,97,0.25,24748.809,3681,7,13.076,-2.595747935,3,1739.6,Sports,Illinois
9/30/2022,2022,Sep,0,99.8,0.07,23805.26,4629,6,39.418,0.668273378,1.8,996,Executivecar,New York
10/31/2022,2022,Oct,0,103.84,0.12,20462.182,2599,8,68.383,0.423570186,1.8,1291.2,Sports,New York
11/30/2022,2022,Nov,0,90.87,0.25,22116.143,1129,9,42.604,-0.60508403,1.7,1201.5,Mediumfamilycar,Illinois
12/31/2022,2022,Dec,0,97.18,0.34,28776.956,4067,3,51.797,0.177481321,2.5,4865.5,Executivecar,California
1/31/2023,2023,Jan,0,108.65,0.5,27504.586,2845,9,30.588,-0.693376488,1.6,3917,Supperminicar,California
2/28/2023,2023,Feb,0,107.64,0.75,20112.224,2386,3,57.391,0.467024446,2.8,4842,Sports,California
3/31/2023,2023,Mar,0,107.73,1.5,25496.662,4776,4,57.329,-0.001081477,2.6,2499.1,Supperminicar,New York
4/30/2023,2023,Apr,0,88.45,1,28756.936,3866,9,42.735,-0.341499941,1.2,1783.1,Sports,Georgia
5/31/2023,2023,May,0,97.63,1.5,16652.974,1692,6,69.109,0.381629021,1.5,4090,Sports,New York
6/30/2023,2023,Jun,0,96.04,0.75,27716.801,4363,3,19.782,-2.493529471,3,1995.6,Smallfamiliycar,Illinois
7/31/2023,2023,Jul,0,104.25,0.5,21686.881,2394,5,13.483,-0.467180894,2.5,1876.4,Smallfamiliycar,New York
8/31/2023,2023,Aug,0,103.36,0.25,27852.993,1793,6,57.169,0.764155399,2.6,1579.6,Executivecar,New York
9/30/2023,2023,Sep,0,101.55,0.07,21183.704,1028,5,59.315,0.036179718,2.5,1123.4,Smallfamiliycar,California
10/31/2023,2023,Oct,0,124.66,0.12,15975.589,1148,9,19.472,-2.046168858,2.5,1685.9,Sports,California
11/30/2023,2023,Nov,0,97.09,0.25,16862.288,4850,5,27.904,0.302178899,2.9,2124.6,Smallfamiliycar,Georgia
12/31/2023,2023,Dec,0,95.92,0.34,25240.425,2319,3,13.518,-1.064210682,2.1,3538.5,Smallfamiliycar,Georgia
